n,jaesung_keys_ms,embree_keys_ms,vkr_keys_p50_ms,winner_keys,jaesung_kv_ms,embree_kv_ms,winner_kv
1048576,0.74336,1.348127,0.798448,jaesung,0.86432,1.824928,jaesung
1572864,1.053312,1.509055,1.36189,jaesung,1.206496,2.097343,jaesung
2097152,1.36144,2.241663,1.7608350000000002,jaesung,1.635648,2.399552,jaesung
3145728,2.647424,2.886015,3.26016,jaesung,3.262848,3.860831,jaesung
4194304,2.792384,3.314399,4.284895000000001,jaesung,3.453536,5.057087,jaesung
