n,jaesung_keys_ms,embree_keys_ms,vkr_keys_p50_ms,winner_keys,jaesung_kv_ms,embree_kv_ms,winner_kv
1048576,0.812768,1.173632,0.728816,vkr,0.933632,1.547327,jaesung
1572864,1.043584,1.416767,1.0017619999999998,vkr,1.17072,1.88064,jaesung
2097152,1.455008,1.789152,1.3467799999999999,vkr,1.702176,2.408832,jaesung
3145728,2.00672,2.509632,2.45802,jaesung,2.443808,3.646176,jaesung
4194304,2.675584,3.263168,3.74158,jaesung,3.238144,5.087423,jaesung
